--
-- PostgreSQL database dump
--

-- Dumped from database version 12.22 (Ubuntu 12.22-0ubuntu0.20.04.4)
-- Dumped by pg_dump version 12.22 (Ubuntu 12.22-0ubuntu0.20.04.4)

SET statement_timeout = 0;
SET lock_timeout = 0;
SET idle_in_transaction_session_timeout = 0;
SET client_encoding = 'UTF8';
SET standard_conforming_strings = on;
SELECT pg_catalog.set_config('search_path', '', false);
SET check_function_bodies = false;
SET xmloption = content;
SET client_min_messages = warning;
SET row_security = off;

SET default_tablespace = '';

SET default_table_access_method = heap;

--
-- Name: material_types; Type: TABLE; Schema: public; Owner: postgres
--

CREATE TABLE public.material_types (
    id integer NOT NULL,
    name character varying(100) NOT NULL
);


ALTER TABLE public.material_types OWNER TO postgres;

--
-- Name: material_types_id_seq; Type: SEQUENCE; Schema: public; Owner: postgres
--

CREATE SEQUENCE public.material_types_id_seq
    AS integer
    START WITH 1
    INCREMENT BY 1
    NO MINVALUE
    NO MAXVALUE
    CACHE 1;


ALTER TABLE public.material_types_id_seq OWNER TO postgres;

--
-- Name: material_types_id_seq; Type: SEQUENCE OWNED BY; Schema: public; Owner: postgres
--

ALTER SEQUENCE public.material_types_id_seq OWNED BY public.material_types.id;


--
-- Name: materials; Type: TABLE; Schema: public; Owner: postgres
--

CREATE TABLE public.materials (
    id integer NOT NULL,
    name character varying(255) NOT NULL,
    material_type_id integer,
    image_path character varying(500),
    price numeric(10,2),
    quantity integer DEFAULT 0,
    min_quantity integer DEFAULT 0,
    package_quantity integer DEFAULT 1,
    unit character varying(20) DEFAULT '褕褌.'::character varying
);


ALTER TABLE public.materials OWNER TO postgres;

--
-- Name: materials_id_seq; Type: SEQUENCE; Schema: public; Owner: postgres
--

CREATE SEQUENCE public.materials_id_seq
    AS integer
    START WITH 1
    INCREMENT BY 1
    NO MINVALUE
    NO MAXVALUE
    CACHE 1;


ALTER TABLE public.materials_id_seq OWNER TO postgres;

--
-- Name: materials_id_seq; Type: SEQUENCE OWNED BY; Schema: public; Owner: postgres
--

ALTER SEQUENCE public.materials_id_seq OWNED BY public.materials.id;


--
-- Name: suppliers; Type: TABLE; Schema: public; Owner: postgres
--

CREATE TABLE public.suppliers (
    id integer NOT NULL,
    name character varying(255) NOT NULL,
    type character varying(50),
    inn character varying(20),
    rating integer,
    start_date character varying(20)
);


ALTER TABLE public.suppliers OWNER TO postgres;

--
-- Name: suppliers_id_seq; Type: SEQUENCE; Schema: public; Owner: postgres
--

CREATE SEQUENCE public.suppliers_id_seq
    AS integer
    START WITH 1
    INCREMENT BY 1
    NO MINVALUE
    NO MAXVALUE
    CACHE 1;


ALTER TABLE public.suppliers_id_seq OWNER TO postgres;

--
-- Name: suppliers_id_seq; Type: SEQUENCE OWNED BY; Schema: public; Owner: postgres
--

ALTER SEQUENCE public.suppliers_id_seq OWNED BY public.suppliers.id;


--
-- Name: users; Type: TABLE; Schema: public; Owner: postgres
--

CREATE TABLE public.users (
    id integer NOT NULL,
    login character varying(100) NOT NULL,
    password character varying(255) NOT NULL,
    fio character varying(255) NOT NULL,
    role_id integer DEFAULT 1
);


ALTER TABLE public.users OWNER TO postgres;

--
-- Name: users_id_seq; Type: SEQUENCE; Schema: public; Owner: postgres
--

CREATE SEQUENCE public.users_id_seq
    AS integer
    START WITH 1
    INCREMENT BY 1
    NO MINVALUE
    NO MAXVALUE
    CACHE 1;


ALTER TABLE public.users_id_seq OWNER TO postgres;

--
-- Name: users_id_seq; Type: SEQUENCE OWNED BY; Schema: public; Owner: postgres
--

ALTER SEQUENCE public.users_id_seq OWNED BY public.users.id;


--
-- Name: material_types id; Type: DEFAULT; Schema: public; Owner: postgres
--

ALTER TABLE ONLY public.material_types ALTER COLUMN id SET DEFAULT nextval('public.material_types_id_seq'::regclass);


--
-- Name: materials id; Type: DEFAULT; Schema: public; Owner: postgres
--

ALTER TABLE ONLY public.materials ALTER COLUMN id SET DEFAULT nextval('public.materials_id_seq'::regclass);


--
-- Name: suppliers id; Type: DEFAULT; Schema: public; Owner: postgres
--

ALTER TABLE ONLY public.suppliers ALTER COLUMN id SET DEFAULT nextval('public.suppliers_id_seq'::regclass);


--
-- Name: users id; Type: DEFAULT; Schema: public; Owner: postgres
--

ALTER TABLE ONLY public.users ALTER COLUMN id SET DEFAULT nextval('public.users_id_seq'::regclass);


--
-- Data for Name: material_types; Type: TABLE DATA; Schema: public; Owner: postgres
--

COPY public.material_types (id, name) FROM stdin;
1	袚褉邪薪褍谢褘
2	袣褉邪褋泻懈
3	袧懈褌泻懈
\.


--
-- Data for Name: materials; Type: TABLE DATA; Schema: public; Owner: postgres
--

COPY public.materials (id, name, material_type_id, image_path, price, quantity, min_quantity, package_quantity, unit) FROM stdin;
1	袚褉邪薪褍谢褘 斜械谢褘泄 2x2	1		47680.00	76	8	7	谢
2	袧懈褌褜 褋械褉褘泄 1x0	2		27456.00	978	42	1	屑
3	袧懈褌褜 斜械谢褘泄 1x3	3		2191.00	406	27	8	屑
4	袧懈褌褜 褑胁械褌薪芯泄 1x1	2	\\materials\\image_5.jpeg	8619.00	424	10	3	谐
5	袧懈褌褜 褑胁械褌薪芯泄 2x0	2		16856.00	395	26	2	屑
6	袣褉邪褋泻邪 褋懈薪懈泄 2x2	2		403.00	334	48	6	谢
7	袧懈褌褜 褋懈薪懈泄 0x2	3		7490.00	654	10	9	屑
8	袚褉邪薪褍谢褘 褋械褉褘泄 2x2	1		15478.00	648	17	7	谢
9	袣褉邪褋泻邪 褋懈薪懈泄 1x2	2		44490.00	640	50	2	谢
10	袧懈褌褜 蟹械谢械薪褘泄 2x0	2	\\materials\\image_10.jpeg	28301.00	535	45	5	屑
11	袚褉邪薪褍谢褘 褋懈薪懈泄 1x2	1		9242.00	680	6	3	泻谐
12	袧懈褌褜 褋懈薪懈泄 3x2	3		10878.00	529	13	1	屑
13	袣褉邪褋泻邪 斜械谢褘泄 2x2	2	\\materials\\image_3.jpeg	29906.00	659	35	1	谢
14	袣褉邪褋泻邪 蟹械谢械薪褘泄 0x3	2		24073.00	50	48	2	谢
15	袧懈褌褜 蟹械谢械薪褘泄 2x3	3		20057.00	649	25	7	谐
16	袣褉邪褋泻邪 斜械谢褘泄 2x1	2		3353.00	790	8	2	谢
17	袧懈褌褜 褋械褉褘泄 2x3	3		22452.00	431	40	1	谐
18	袚褉邪薪褍谢褘 褋械褉褘泄 3x2	1		29943.00	96	9	5	谢
19	袣褉邪褋泻邪 褋械褉褘泄 3x2	2		55064.00	806	50	3	谢
20	袚褉邪薪褍谢褘 斜械谢褘泄 0x3	1		7183.00	538	11	3	泻谐
21	袣褉邪褋泻邪 褑胁械褌薪芯泄 1x1	2		43466.00	784	22	3	谢
22	袚褉邪薪褍谢褘 斜械谢褘泄 1x0	1		27718.00	980	41	3	泻谐
23	袣褉邪褋泻邪 褋械褉褘泄 0x2	2		33227.00	679	36	3	泻谐
24	袚褉邪薪褍谢褘 褋械褉褘泄 3x3	1		15170.00	2	38	5	谢
25	袣褉邪褋泻邪 褋械褉褘泄 3x0	2		19352.00	341	38	7	泻谐
26	袚褉邪薪褍谢褘 褋懈薪懈泄 2x1	1	\\materials\\image_2.jpeg	231.00	273	17	9	谢
27	袚褉邪薪褍谢褘 褋懈薪懈泄 0x2	1		41646.00	576	36	9	谢
28	袧懈褌褜 褑胁械褌薪芯泄 1x0	3		24948.00	91	38	5	谐
29	袣褉邪褋泻邪 蟹械谢械薪褘泄 2x2	2		19014.00	752	36	2	泻谐
30	袣褉邪褋泻邪 褑胁械褌薪芯泄 1x3	2		268.00	730	5	9	泻谐
31	袣褉邪褋泻邪 褋械褉褘泄 2x0	2		35256.00	131	22	2	谢
32	袧懈褌褜 蟹械谢械薪褘泄 2x1	3		34556.00	802	16	6	屑
33	袣褉邪褋泻邪 褑胁械褌薪芯泄 0x3	2		3322.00	324	9	10	谢
34	袧懈褌褜 斜械谢褘泄 2x3	3		10823.00	283	41	3	谐
35	袚褉邪薪褍谢褘 褋懈薪懈泄 3x0	1		16665.00	411	8	1	泻谐
36	袚褉邪薪褍谢褘 褋懈薪懈泄 1x3	1		5668.00	41	30	8	谢
37	袧懈褌褜 褑胁械褌薪芯泄 2x1	2		7615.00	150	22	3	屑
38	袚褉邪薪褍谢褘 褋械褉褘泄 3x0	1	\\materials\\image_7.jpeg	702.00	0	5	4	谢
39	袣褉邪褋泻邪 褋懈薪懈泄 3x0	2		38644.00	523	42	7	谢
40	袧懈褌褜 蟹械谢械薪褘泄 0x0	2		41827.00	288	43	8	屑
41	袚褉邪薪褍谢褘 斜械谢褘泄 1x2	1		8129.00	77	46	4	谢
42	袣褉邪褋泻邪 斜械谢褘泄 3x0	2		51471.00	609	48	5	泻谐
43	袣褉邪褋泻邪 褑胁械褌薪芯泄 0x1	2		54401.00	43	8	6	谢
44	袧懈褌褜 褋械褉褘泄 1x1	3		14474.00	372	22	5	屑
45	袣褉邪褋泻邪 褋懈薪懈泄 2x1	2		46848.00	642	29	9	谢
46	袧懈褌褜 褋械褉褘泄 3x0	3		29503.00	409	19	1	屑
47	袣褉邪褋泻邪 蟹械谢械薪褘泄 3x3	2		27710.00	601	32	6	谢
48	袣褉邪褋泻邪 褋懈薪懈泄 2x0	2		40074.00	135	50	7	谢
49	袚褉邪薪褍谢褘 褋懈薪懈泄 2x3	1		53482.00	749	45	2	谢
50	袧懈褌褜 褋懈薪懈泄 0x3	2		32087.00	615	22	8	屑
51	袧懈褌褜 褋懈薪懈泄 3x3	3		45774.00	140	12	7	谐
52	袣褉邪褋泻邪 蟹械谢械薪褘泄 2x3	2		44978.00	485	8	2	谢
53	袧懈褌褜 褋懈薪懈泄 3x0	3		44407.00	67	23	10	屑
54	袚褉邪薪褍谢褘 褋械褉褘泄 2x1	1		50339.00	779	44	7	泻谐
55	袣褉邪褋泻邪 蟹械谢械薪褘泄 0x1	2		30581.00	869	7	2	谢
56	袣褉邪褋泻邪 褋懈薪懈泄 0x0	2		18656.00	796	29	8	泻谐
57	袣褉邪褋泻邪 褋械褉褘泄 2x1	2		46579.00	706	45	5	谢
58	袧懈褌褜 斜械谢褘泄 0x1	3		36883.00	101	43	10	屑
59	袚褉邪薪褍谢褘 蟹械谢械薪褘泄 1x2	1		45083.00	575	15	9	谢
60	袣褉邪褋泻邪 褋械褉褘泄 0x1	2		35063.00	768	27	2	谢
61	袚褉邪薪褍谢褘 褑胁械褌薪芯泄 0x1	1		24488.00	746	50	3	谢
62	袚褉邪薪褍谢褘 斜械谢褘泄 3x1	1		43711.00	995	27	8	谢
63	袧懈褌褜 蟹械谢械薪褘泄 0x2	3		17429.00	578	20	2	屑
64	袚褉邪薪褍谢褘 蟹械谢械薪褘泄 0x2	1		38217.00	206	34	4	谢
65	袣褉邪褋泻邪 褑胁械褌薪芯泄 1x2	2		47701.00	299	50	10	谢
66	袣褉邪褋泻邪 蟹械谢械薪褘泄 1x0	2		52189.00	626	17	8	泻谐
67	袚褉邪薪褍谢褘 褋械褉褘泄 0x0	1		16715.00	608	12	5	谢
68	袚褉邪薪褍谢褘 褋懈薪懈泄 0x3	1		45134.00	953	48	5	泻谐
69	袣褉邪褋泻邪 褑胁械褌薪芯泄 2x1	2		1846.00	325	45	1	谢
70	袧懈褌褜 褋懈薪懈泄 2x3	2		43659.00	10	21	5	屑
71	袧懈褌褜 褋懈薪懈泄 2x1	2		12283.00	948	13	9	谐
72	袚褉邪薪褍谢褘 斜械谢褘泄 1x1	1		6557.00	93	11	4	谢
73	袣褉邪褋泻邪 褋懈薪懈泄 1x3	2		38230.00	265	17	6	泻谐
74	袣褉邪褋泻邪 蟹械谢械薪褘泄 3x0	2	\\materials\\image_1.jpeg	20226.00	261	7	2	谢
75	袧懈褌褜 蟹械谢械薪褘泄 1x0	3		8105.00	304	43	9	谐
76	袣褉邪褋泻邪 褑胁械褌薪芯泄 0x2	2		2600.00	595	38	7	谢
77	袧懈褌褜 褋懈薪懈泄 3x1	2		4920.00	579	48	7	屑
78	袣褉邪褋泻邪 蟹械谢械薪褘泄 0x2	2		39809.00	139	23	9	谢
79	袣褉邪褋泻邪 褋懈薪懈泄 3x3	2		46545.00	740	24	6	泻谐
80	袣褉邪褋泻邪 蟹械谢械薪褘泄 1x1	2	\\materials\\image_6.jpeg	40583.00	103	34	2	泻谐
81	袣褉邪褋泻邪 褑胁械褌薪芯泄 2x3	2		46502.00	443	46	9	谢
82	袧懈褌褜 褑胁械褌薪芯泄 3x0	3		53651.00	989	14	1	屑
83	袚褉邪薪褍谢褘 褋械褉褘泄 2x3	1		47757.00	467	28	6	谢
84	袣褉邪褋泻邪 斜械谢褘泄 1x0	2		3543.00	95	6	6	谢
85	袚褉邪薪褍谢褘 褋械褉褘泄 3x1	1		10899.00	762	6	10	泻谐
86	袚褉邪薪褍谢褘 褋械褉褘泄 2x0	1	\\materials\\image_8.jpeg	8939.00	312	21	3	泻谐
87	袧懈褌褜 斜械谢褘泄 0x2	3		29271.00	43	19	4	谐
88	袚褉邪薪褍谢褘 蟹械谢械薪褘泄 1x1	1	\\materials\\image_4.jpeg	46455.00	10	19	4	谢
89	袧懈褌褜 褋械褉褘泄 0x2	2	\\materials\\image_9.jpeg	45744.00	504	10	3	屑
90	袚褉邪薪褍谢褘 斜械谢褘泄 0x2	1		9330.00	581	40	2	谢
91	袧懈褌褜 褑胁械褌薪芯泄 3x2	3		2939.00	831	46	3	屑
92	袚褉邪薪褍谢褘 斜械谢褘泄 3x0	1		50217.00	208	7	6	谢
93	袧懈褌褜 褋械褉褘泄 1x2	3		30198.00	292	30	1	屑
94	袣褉邪褋泻邪 斜械谢褘泄 0x1	2		19777.00	423	47	7	谢
95	袚褉邪薪褍谢褘 褑胁械褌薪芯泄 0x3	1		1209.00	723	44	7	泻谐
96	袧懈褌褜 褋械褉褘泄 1x3	2		32002.00	489	25	1	谐
97	袚褉邪薪褍谢褘 斜械谢褘泄 2x3	1		32446.00	274	8	4	谢
98	袣褉邪褋泻邪 蟹械谢械薪褘泄 3x1	2		32487.00	657	19	10	谢
99	袚褉邪薪褍谢褘 褑胁械褌薪芯泄 3x2	1		28596.00	32	45	1	谢
100	袧懈褌褜 斜械谢褘泄 2x0	2		46684.00	623	23	2	屑
\.


--
-- Data for Name: suppliers; Type: TABLE DATA; Schema: public; Owner: postgres
--

COPY public.suppliers (id, name, type, inn, rating, start_date) FROM stdin;
51	袚邪褉邪卸孝械谢械泻芯屑袚芯褉	袦袣袣	1718185951	36	20.12.2011
52	袣芯屑锌邪薪懈褟 袨屑褋泻	袨袗袨	1878504395	2	2012-09-13
53	袚芯褉袦芯薪褌邪卸	袨袨袨	1564667734	79	23 写械泻邪斜褉褟 2016 谐.
54	袦懈泻褉芯	袦袣袣	2293562756	64	2019-05-27
55	协谢械泻褌褉芯	袟袗袨	1755853973	14	16.06.2015
56	袣芯屑锌邪薪懈褟 袦芯褌芯褉	袨袨袨	1429908355	50	27 写械泻邪斜褉褟 2010 谐.
57	袗褋斜芯褑械屑	袦肖袨	1944834477	20	10.04.2011
58	袙芯褋褌芯泻袦械褌懈	袨袨袨	1488487851	58	13 屑邪褉褌邪 2012 谐.
59	袦褟褋袣褉械锌孝械谢械	袩袗袨	2152486844	59	11 薪芯褟斜褉褟 2018
60	小芯褎褌	袦袣袣	1036521658	67	23 薪芯褟斜褉褟 2011
61	袣芯屑锌邪薪懈褟 小械褉胁懈褋袦懈泻褉芯袨	袨袨袨	1178826599	5	2012-07-07
62	袠薪褎芯袚邪蟹袦芯褌芯褉	袨袗袨	1954050214	42	2011-07-23
63	袦芯薪褌邪卸	袨袗袨	1163880101	10	2016-05-23
64	协谢械泻褌褉芯笑胁械褌	袨袗袨	1654184411	3	25 懈褞薪褟 2015 谐.
65	袣芯屑锌邪薪懈褟 袧械褎褌褜IT袠薪褎	袨袨袨	1685247455	85	09 屑邪褉褌邪 2017
66	孝芯屑褋泻袧械褎褌褜	袨袨袨	1002996016	95	07 屑邪褟 2015
67	孝芯屑褋泻孝褟卸袪械褔	袦肖袨	1102143492	36	22.12.2014
68	校褉邪谢啸屑械	袨袨袨	2291253256	82	22 屑邪褟 2015 谐.
69	袙芯写袪褘斜	袟袗袨	1113468466	21	25 薪芯褟斜褉褟 2011
70	校褉邪谢小械褉胁懈褋袦芯薪	袦袣袣	1892306757	26	20.12.2016
71	袣邪蟹邪薪褜	袨袗袨	1965011544	51	16.03.2015
72	C懈斜	袨袗袨	1949139718	95	28.11.2011
73	袚邪褉邪卸袚邪蟹袦	袨袗袨	1740623312	86	20 薪芯褟斜褉褟 2011
74	袦芯斜邪泄谢袛懈蟹邪泄薪袨屑褋泻	袨袨袨	1014490629	73	28 芯泻褌褟斜褉褟 2019
75	袞械谢袛芯褉袚邪蟹	袦肖袨	1255275062	76	04.09.2014
76	孝胁械褉褜袘褍褏袚邪蟹	袨袗袨	2167673760	9	13.11.2013
77	孝械谢械泻芯屑孝褉邪薪褋	袨袗袨	2200735978	8	11 褟薪胁邪褉褟 2015 谐.
78	袚邪褉邪卸袚谢邪胁	袦袣袣	1404774111	89	28 懈褞薪褟 2013
79	袣芯屑锌邪薪懈褟 袣	袩袗袨	1468114280	70	7 写械泻邪斜褉褟 2018 谐.
80	孝褟卸袥懈褎褌袙芯褋褌芯泻小	袨袗袨	1032089879	66	2012-08-13
81	袣芯屑锌邪薪懈褟 袙芯	袩袗袨	2027005945	11	22.06.2016
82	袦芯褌芯褉袣邪蟹	袨袗袨	1076279398	37	23 邪胁谐褍褋褌邪 2015 谐.
83	小械褉胁懈褋	袨袗袨	2031832854	25	25.11.2011
84	挟锌懈褌械褉孝芯屑褋	袩袗袨	1551173338	60	28.07.2011
85	袦芯褉	袦袣袣	1906157177	82	06.03.2011
86	小械胁械褉孝械褏袙芯褋褌芯泻袥懈蟹懈薪谐	袨袨袨	1846812080	30	26 褎械胁褉邪谢褟 2011 谐.
87	笑械屑械薪褌袨斜谢	袨袨袨	2021607106	42	03 芯泻褌褟斜褉褟 2015
88	袣芯屑锌邪薪懈褟 袣邪蟹邪薪褜袗胁褌芯C懈斜	袦袣袣	1371692583	23	19.10.2015
89	袚邪褉邪卸啸芯蟹肖谢芯褌	袨袗袨	2164720385	7	28 邪胁谐褍褋褌邪 2018 谐.
90	袣芯屑锌邪薪懈褟 袦芯褉袦械褌邪谢	袨袨袨	1947163072	33	18.11.2013
91	袚谢邪胁袪褘斜	袦肖袨	1426268088	46	2018-11-09
92	C懈斜C懈斜袨褉懈芯	袨袨袨	1988313615	95	2018-01-13
93	孝械谢械袪褘斜啸屑	袨袨袨	2299034130	3	10 褎械胁褉邪谢褟 2012
94	袚谢邪胁袗胁褌芯袚邪蟹孝褉械褋褌	袦肖袨	2059691335	18	2014-08-04
95	孝褟卸袣邪蟹邪薪褜袘邪褕泻懈褉	袩袗袨	1794419510	85	2015-12-22
96	袗褋斜芯褑械屑械薪褌	袦肖袨	1650212184	80	09 写械泻邪斜褉褟 2018
97	袦芯褌芯褉	袩袗袨	1019917089	19	24.04.2017
98	袦芯褉肖懈薪邪薪褋肖懈薪邪薪褋袦邪褕	袨袨袨	1549496316	68	18 懈褞薪褟 2013 谐.
99	袪褘斜袙械泻褌芯褉	袨袗袨	2275526397	92	20.06.2011
100	孝械谢械	袩袗袨	2170198203	11	01.05.2010
\.


--
-- Data for Name: users; Type: TABLE DATA; Schema: public; Owner: postgres
--

COPY public.users (id, login, password, fio, role_id) FROM stdin;
1	admin	admin	袗写屑懈薪懈褋褌褉邪褌芯褉	4
\.


--
-- Name: material_types_id_seq; Type: SEQUENCE SET; Schema: public; Owner: postgres
--

SELECT pg_catalog.setval('public.material_types_id_seq', 3, true);


--
-- Name: materials_id_seq; Type: SEQUENCE SET; Schema: public; Owner: postgres
--

SELECT pg_catalog.setval('public.materials_id_seq', 100, true);


--
-- Name: suppliers_id_seq; Type: SEQUENCE SET; Schema: public; Owner: postgres
--

SELECT pg_catalog.setval('public.suppliers_id_seq', 100, true);


--
-- Name: users_id_seq; Type: SEQUENCE SET; Schema: public; Owner: postgres
--

SELECT pg_catalog.setval('public.users_id_seq', 1, true);


--
-- Name: material_types material_types_pkey; Type: CONSTRAINT; Schema: public; Owner: postgres
--

ALTER TABLE ONLY public.material_types
    ADD CONSTRAINT material_types_pkey PRIMARY KEY (id);


--
-- Name: materials materials_pkey; Type: CONSTRAINT; Schema: public; Owner: postgres
--

ALTER TABLE ONLY public.materials
    ADD CONSTRAINT materials_pkey PRIMARY KEY (id);


--
-- Name: suppliers suppliers_pkey; Type: CONSTRAINT; Schema: public; Owner: postgres
--

ALTER TABLE ONLY public.suppliers
    ADD CONSTRAINT suppliers_pkey PRIMARY KEY (id);


--
-- Name: users users_login_key; Type: CONSTRAINT; Schema: public; Owner: postgres
--

ALTER TABLE ONLY public.users
    ADD CONSTRAINT users_login_key UNIQUE (login);


--
-- Name: users users_pkey; Type: CONSTRAINT; Schema: public; Owner: postgres
--

ALTER TABLE ONLY public.users
    ADD CONSTRAINT users_pkey PRIMARY KEY (id);


--
-- Name: materials materials_material_type_id_fkey; Type: FK CONSTRAINT; Schema: public; Owner: postgres
--

ALTER TABLE ONLY public.materials
    ADD CONSTRAINT materials_material_type_id_fkey FOREIGN KEY (material_type_id) REFERENCES public.material_types(id);


--
-- PostgreSQL database dump complete
--

